sample,source_class,linear_error,angular_error,original_linear,original_angular,mirrored_linear,mirrored_angular
0,success,0.4824572503566742,1.7066915035247803,0.945019006729126,-0.9764401316642761,0.4625617563724518,-0.7302513718605042
1,success,0.5354899168014526,1.675983190536499,0.9537808895111084,-0.979316234588623,0.4182909429073334,-0.6966668963432312
2,success,0.2536885738372803,1.837647795677185,0.953848659992218,-0.9800930619239807,0.7001600861549377,-0.8575547337532043
3,success,0.27167826890945435,1.831272006034851,0.9481998085975647,-0.9787065386772156,0.6765215396881104,-0.8525654673576355
4,success,0.3926296532154083,1.712893009185791,0.8790265917778015,-0.9519467353820801,0.4863969385623932,-0.7609462141990662
5,success,0.5548009872436523,1.6671669483184814,0.9512231349945068,-0.9784953594207764,0.3964221477508545,-0.6886715888977051
6,success,0.2663690447807312,1.8321822881698608,0.9514235854148865,-0.9794562458992004,0.6850545406341553,-0.8527260422706604
7,success,0.6119693517684937,1.6658170223236084,0.9349162578582764,-0.9725955128669739,0.3229469060897827,-0.6932214498519897
8,success,0.2844204306602478,1.807770848274231,0.9310235977172852,-0.9720301628112793,0.6466031670570374,-0.8357406854629517
9,success,0.28679078817367554,1.8243600130081177,0.9417340755462646,-0.9767285585403442,0.6549432873725891,-0.8476314544677734
10,success,0.28066349029541016,1.826317548751831,0.9474840760231018,-0.9784132838249207,0.6668205857276917,-0.8479043245315552
11,success,0.33202362060546875,1.7971131801605225,0.9432212114334106,-0.9766423106193542,0.6111975908279419,-0.8204708099365234
12,success,0.5666736364364624,1.6617803573608398,0.949444055557251,-0.9778472781181335,0.3827704191207886,-0.6839330196380615
13,success,0.26593101024627686,1.8318662643432617,0.952018678188324,-0.9795777201652527,0.6860876679420471,-0.852288544178009
14,success,0.30231744050979614,1.806374192237854,0.9283079504966736,-0.9719759821891785,0.6259905099868774,-0.8343982100486755
15,success,0.3868451714515686,1.74129056930542,0.9280799031257629,-0.9696314930915833,0.5412347316741943,-0.7716590762138367
16,success,0.33811402320861816,1.8157329559326172,0.9401364922523499,-0.9754394292831421,0.6020224690437317,-0.8402935862541199
17,success,0.5389750003814697,1.6800777912139893,0.9512784481048584,-0.9786677956581116,0.4123034179210663,-0.7014100551605225
18,success,0.32148897647857666,1.803046703338623,0.9391969442367554,-0.9755213260650635,0.6177079677581787,-0.8275253176689148
19,success,0.5038770437240601,1.6983695030212402,0.9507879018783569,-0.9784836769104004,0.4469108581542969,-0.7198857665061951
20,success,0.6500288248062134,1.572420358657837,0.9066455960273743,-0.962124228477478,0.2566168010234833,-0.6102961301803589
21,success,0.12002688646316528,1.8910160064697266,0.9319151043891907,-0.9708145260810852,0.8118882179260254,-0.9202014207839966
22,success,0.15240579843521118,1.7806353569030762,0.8360183835029602,-0.9357399940490723,0.683612585067749,-0.8448953628540039
23,success,0.3168925642967224,1.8075358867645264,0.9358505010604858,-0.9746794104576111,0.6189579367637634,-0.8328564763069153
24,success,0.2992821931838989,1.813913106918335,0.9444177746772766,-0.9771155118942261,0.6451355814933777,-0.8367976546287537
25,success,0.3072893023490906,1.803765058517456,0.9352376461029053,-0.973928689956665,0.6279483437538147,-0.829836368560791
26,success,0.2618342638015747,1.8338227272033691,0.9523710012435913,-0.9797021746635437,0.6905367374420166,-0.8541206121444702
27,success,0.3651584982872009,1.656937837600708,0.8631654977798462,-0.9414144158363342,0.49800699949264526,-0.7155234813690186
28,success,0.17054277658462524,1.7858784198760986,0.8765830993652344,-0.9461033940315247,0.7060403227806091,-0.839775025844574
29,success,0.2559777796268463,1.6678881645202637,0.7401072978973389,-0.9011260867118835,0.48412951827049255,-0.7667621374130249
30,success,0.504942774772644,1.6946463584899902,0.9553828239440918,-0.9798858761787415,0.45044007897377014,-0.7147604823112488
31,success,0.2624562382698059,1.8345239162445068,0.9480243921279907,-0.978570818901062,0.6855681538581848,-0.8559531569480896
32,success,0.3184170722961426,1.804832935333252,0.9440904259681702,-0.9770200252532959,0.6256733536720276,-0.827812910079956
33,success,0.2852442264556885,1.8230886459350586,0.9477022886276245,-0.9783980250358582,0.662458062171936,-0.8446905612945557
34,success,0.4440706670284271,1.7225539684295654,0.9257217645645142,-0.9691525101661682,0.48165109753608704,-0.7534014582633972
35,success,0.538580060005188,1.675903558731079,0.9526975750923157,-0.9790166020393372,0.4141175150871277,-0.6968868970870972
36,success,0.246332049369812,1.8277199268341064,0.9256671071052551,-0.9705389738082886,0.6793350577354431,-0.8571808934211731
37,success,0.5418232679367065,1.5010931491851807,0.7759051322937012,-0.9105476140975952,0.23408186435699463,-0.5905455350875854
38,success,1.1103702783584595,1.2036641836166382,0.9283859729766846,-0.9670386910438538,-0.18198427557945251,-0.23662550747394562
39,success,0.29810500144958496,1.8137818574905396,0.9337753653526306,-0.9738340973854065,0.6356703639030457,-0.8399477601051331
40,success,0.266537070274353,1.827797770500183,0.9444655776023865,-0.9771094918251038,0.6779285073280334,-0.8506882786750793
41,success,1.0968163013458252,1.2177151441574097,0.9298601150512695,-0.9676917195320129,-0.16695623099803925,-0.25002342462539673
42,success,0.02915734052658081,1.8952513933181763,0.8743073344230652,-0.9524490833282471,0.8451499938964844,-0.9428023099899292
43,success,0.542637825012207,1.674480676651001,0.9521746039390564,-0.9788616299629211,0.40953677892684937,-0.6956191062927246
44,success,0.5307222604751587,1.6800278425216675,0.9546179175376892,-0.9796224236488342,0.42389562726020813,-0.7004054188728333
45,success,0.5075048208236694,1.6921143531799316,0.9558873176574707,-0.9800097346305847,0.4483824670314789,-0.7121046185493469
46,success,0.5105198621749878,1.6927350759506226,0.9455081224441528,-0.9765888452529907,0.43498823046684265,-0.7161462306976318
47,success,0.16082024574279785,1.8166229724884033,0.8980503082275391,-0.9564898014068604,0.7372300624847412,-0.8601332306861877
48,success,0.26545393466949463,1.8284114599227905,0.9395174384117126,-0.9757339358329773,0.674063503742218,-0.8526775240898132
49,success,0.2997692823410034,1.8154959678649902,0.9443337917327881,-0.9772352576255798,0.6445645093917847,-0.8382607698440552
50,success,0.11890864372253418,1.8810911178588867,0.9068384766578674,-0.9635733366012573,0.7879298329353333,-0.9175178408622742
51,success,0.5707603693008423,1.4680832624435425,0.766308069229126,-0.9066085815429688,0.1955476999282837,-0.5614746809005737
52,success,0.35535871982574463,1.5870952606201172,0.7224553227424622,-0.8830217719078064,0.36709660291671753,-0.7040735483169556
53,success,0.5267557501792908,1.6821374893188477,0.9414587616920471,-0.9751625657081604,0.41470301151275635,-0.7069749236106873
54,success,0.17646712064743042,1.815950870513916,0.8916947245597839,-0.9562233090400696,0.7152276039123535,-0.8597276210784912
55,success,0.2536833882331848,1.8273975849151611,0.934845507144928,-0.9735439419746399,0.6811621189117432,-0.853853702545166
56,success,0.38644468784332275,1.6928315162658691,0.875535249710083,-0.9494641423225403,0.48909056186676025,-0.7433673739433289
57,success,0.5475540161132812,1.6774115562438965,0.9482269883155823,-0.9776450991630554,0.40067294239997864,-0.6997664570808411
58,success,0.2636553645133972,1.8341059684753418,0.9461342096328735,-0.9780336022377014,0.6824788451194763,-0.8560723066329956
59,success,0.8953731656074524,1.44499933719635,0.9196679592132568,-0.966856062412262,0.024294769391417503,-0.4781433045864105
60,success,0.5052797794342041,1.6970019340515137,0.9479998350143433,-0.9774752259254456,0.4427200257778168,-0.7195266485214233
61,success,0.5125001668930054,1.6876988410949707,0.943693220615387,-0.9758042693138123,0.431193083524704,-0.7118945717811584
62,success,0.16220146417617798,1.806470274925232,0.878759503364563,-0.950520396232605,0.716558039188385,-0.855949878692627
63,success,0.26859748363494873,1.8310575485229492,0.9475900530815125,-0.9783940315246582,0.6789925694465637,-0.8526634573936462
64,success,0.6245608329772949,1.4547526836395264,0.801318883895874,-0.9199591875076294,0.1767580211162567,-0.5347935557365417
65,success,0.5603253245353699,1.6597764492034912,0.9529642462730408,-0.9789738655090332,0.3926389217376709,-0.680802583694458
66,success,0.8405246734619141,1.4466991424560547,0.9415678381919861,-0.9747046232223511,0.10104315727949142,-0.471994549036026
67,success,0.2803189158439636,1.8168423175811768,0.9413477778434753,-0.9755989909172058,0.6610288619995117,-0.8412432670593262
68,success,0.2996490001678467,1.8105294704437256,0.9318350553512573,-0.9733108878135681,0.6321860551834106,-0.8372185230255127
69,success,0.5277316570281982,1.680307149887085,0.9557066559791565,-0.9799399375915527,0.42797502875328064,-0.700367271900177
70,success,0.3837777376174927,1.5968223810195923,0.7462682127952576,-0.8912126421928406,0.3624904751777649,-0.7056097388267517
71,success,0.38771528005599976,1.5792665481567383,0.736474871635437,-0.8869681358337402,0.34875959157943726,-0.6922983527183533
72,success,0.5163352489471436,1.6885007619857788,0.9555434584617615,-0.9799586534500122,0.4392082393169403,-0.7085421085357666
73,success,0.5735470056533813,1.6588761806488037,0.9446570873260498,-0.976223886013031,0.37111005187034607,-0.6826522946357727
74,success,0.38275647163391113,1.7434314489364624,0.9311451315879822,-0.9706990718841553,0.548388659954071,-0.7727323770523071
75,success,0.49207478761672974,1.7037954330444336,0.9483698606491089,-0.9776071310043335,0.45629507303237915,-0.7261883020401001
76,success,0.509945273399353,1.6926953792572021,0.9548571109771729,-0.9797460436820984,0.4449118375778198,-0.7129493951797485
77,success,0.18067264556884766,1.870368242263794,0.9226827621459961,-0.9689617156982422,0.7420101165771484,-0.9014065861701965
78,success,0.5213170051574707,1.689385175704956,0.946103572845459,-0.9769061803817749,0.4247865676879883,-0.7124789953231812
79,success,0.3871462345123291,1.746643304824829,0.9168105721473694,-0.9661012291908264,0.5296643376350403,-0.7805420756340027
80,success,0.6194194555282593,1.5899991989135742,0.9044308662414551,-0.9613051414489746,0.2850113809108734,-0.6286939978599548
81,success,0.27913230657577515,1.8259942531585693,0.9496049284934998,-0.978934645652771,0.6704726219177246,-0.8470596075057983
82,success,0.2108822464942932,1.8408666849136353,0.927222490310669,-0.9708507061004639,0.7163402438163757,-0.8700159788131714
83,success,0.15851086378097534,1.799126386642456,0.8632310628890991,-0.945530354976654,0.7047201991081238,-0.8535960912704468
84,success,0.25773072242736816,1.8365182876586914,0.9470141530036926,-0.9782753586769104,0.6892834305763245,-0.8582428693771362
85,success,0.3060729503631592,1.8016018867492676,0.9324837923049927,-0.9729373455047607,0.6264108419418335,-0.8286646008491516
86,success,0.8452991247177124,1.4490368366241455,0.9351115226745605,-0.9726072549819946,0.08981238305568695,-0.4764295518398285
87,success,0.2718433141708374,1.8288259506225586,0.9432462453842163,-0.9770389199256897,0.6714029312133789,-0.8517870306968689
88,success,0.2972604036331177,1.8020306825637817,0.930604875087738,-0.9718921780586243,0.6333444714546204,-0.8301385045051575
89,success,0.8493395447731018,1.446420431137085,0.934077799320221,-0.9722083806991577,0.08473826944828033,-0.474212110042572
90,success,0.3908096253871918,1.5913509130477905,0.7475165724754333,-0.8921782374382019,0.3567069470882416,-0.6991726756095886
91,success,0.23796769976615906,1.6596758365631104,0.7251877784729004,-0.8963128328323364,0.48722007870674133,-0.7633629441261292
92,success,0.3768877387046814,1.7057685852050781,0.8924964666366577,-0.9554656147956848,0.5156087279319763,-0.7503030300140381
93,success,0.5871009826660156,1.6039869785308838,0.9019384384155273,-0.960258960723877,0.3148374557495117,-0.6437280774116516
94,success,0.5797945857048035,1.652902364730835,0.9494787454605103,-0.9778048992156982,0.3696841597557068,-0.6750974059104919
95,success,0.3655719757080078,1.6803473234176636,0.8650747537612915,-0.9444604516029358,0.4995027780532837,-0.7358868718147278
96,success,0.546667218208313,1.6786973476409912,0.9466829895973206,-0.9771499037742615,0.40001577138900757,-0.7015474438667297
97,success,0.38047122955322266,1.6472458839416504,0.8368778228759766,-0.9334554672241211,0.4564065933227539,-0.7137904167175293
98,success,0.29808205366134644,1.8058302402496338,0.936708390712738,-0.9741742014884949,0.6386263370513916,-0.8316559791564941
99,success,0.38836777210235596,1.7411969900131226,0.907024621963501,-0.9626585245132446,0.518656849861145,-0.7785384654998779
100,success,0.3526386618614197,1.7109547853469849,0.850684642791748,-0.940626323223114,0.49804598093032837,-0.7703284621238708
101,success,0.10806238651275635,1.8840253353118896,0.9037206768989563,-0.9623317122459412,0.7956582903862,-0.9216936826705933
102,success,0.2648293972015381,1.825179100036621,0.9423051476478577,-0.9761937260627747,0.6774757504463196,-0.8489853143692017
103,success,0.2133493423461914,1.6738460063934326,0.7189871072769165,-0.8941985964775085,0.5056377649307251,-0.7796474099159241
104,success,0.19060653448104858,1.8253984451293945,0.9023107886314392,-0.9612005949020386,0.7117042541503906,-0.864197850227356
105,success,0.5217476487159729,1.6833397150039673,0.9555507898330688,-0.9798635244369507,0.43380314111709595,-0.7034761905670166
106,success,0.3833538889884949,1.6939959526062012,0.8802151083946228,-0.9509626030921936,0.49686121940612793,-0.7430333495140076
107,success,0.5771640539169312,1.654414415359497,0.9491072297096252,-0.9776715636253357,0.3719431459903717,-0.6767429113388062
108,success,0.3101082444190979,1.8077412843704224,0.943854570388794,-0.9768773317337036,0.633746325969696,-0.8308639526367188
109,success,0.3069509267807007,1.8116579055786133,0.9449912309646606,-0.9773927330970764,0.63804030418396,-0.8342651128768921
110,success,0.3077017068862915,1.8116062879562378,0.9432495832443237,-0.9768911004066467,0.6355478763580322,-0.8347151875495911
111,success,0.40364891290664673,1.7791388034820557,0.9188565611839294,-0.9695814251899719,0.5152076482772827,-0.809557318687439
112,success,0.26267993450164795,1.833742618560791,0.9494978785514832,-0.9789423942565918,0.6868179440498352,-0.8548001646995544
113,success,0.3992367386817932,1.742044448852539,0.9150862693786621,-0.9655047655105591,0.5158495306968689,-0.7765397429466248
114,success,0.5236624479293823,1.6844230890274048,0.9430340528488159,-0.9757073521614075,0.4193715751171112,-0.7087157368659973
115,success,0.2647234797477722,1.832780361175537,0.9513349533081055,-0.9794504046440125,0.6866114735603333,-0.8533298969268799
116,success,0.28846293687820435,1.821669340133667,0.9468898177146912,-0.978171706199646,0.6584268808364868,-0.843497633934021
117,success,0.3987787663936615,1.589296579360962,0.7489962577819824,-0.8925874829292297,0.3502174913883209,-0.696709156036377
118,success,0.542959451675415,1.6661450862884521,0.9346251487731934,-0.9725943207740784,0.3916657269001007,-0.693550705909729
119,success,0.33686530590057373,1.810579538345337,0.9349297881126404,-0.9731776714324951,0.5980644822120667,-0.8374018669128418
120,success,0.38122087717056274,1.7507964372634888,0.921603798866272,-0.9677000045776367,0.5403829216957092,-0.783096432685852
121,success,0.2587395906448364,1.8347156047821045,0.9530788064002991,-0.9798200130462646,0.6943392157554626,-0.8548955321311951
122,success,0.281433641910553,1.826374888420105,0.945458173751831,-0.9778223037719727,0.6640245318412781,-0.8485525846481323
123,success,0.004626870155334473,1.9096715450286865,0.8903288841247559,-0.9559851884841919,0.8857020139694214,-0.9536862969398499
124,success,0.48004016280174255,1.6643507480621338,0.8700628876686096,-0.9471296668052673,0.39002272486686707,-0.7172211408615112
125,success,0.3103497624397278,1.826717734336853,0.9355069994926453,-0.9734547138214111,0.6251572370529175,-0.8532630205154419
126,success,1.0954461097717285,1.2169194221496582,0.9323199391365051,-0.9686636924743652,-0.16312621533870697,-0.24825578927993774
127,success,0.31218135356903076,1.807671308517456,0.9390665888786316,-0.9753515124320984,0.6268852353096008,-0.8323197364807129
128,success,0.5249442458152771,1.5689475536346436,0.8186533451080322,-0.9237618446350098,0.2937090992927551,-0.6451857089996338
129,success,0.5828124284744263,1.6539645195007324,0.9469622373580933,-0.9770258665084839,0.3641497790813446,-0.6769386529922485
130,success,0.5200756788253784,1.6910285949707031,0.9401331543922424,-0.9749820232391357,0.4200575053691864,-0.7160465121269226
131,success,0.32546550035476685,1.8026008605957031,0.9427662491798401,-0.976669430732727,0.6173007488250732,-0.8259313702583313
132,success,0.5369373559951782,1.6738076210021973,0.9399244785308838,-0.9745502471923828,0.40298712253570557,-0.6992573142051697
133,success,0.5874006748199463,1.6515451669692993,0.9454548954963684,-0.9764895439147949,0.35805419087409973,-0.6750556230545044
134,success,0.2543926239013672,1.82466459274292,0.9250863194465637,-0.9704346656799316,0.6706936955451965,-0.8542299866676331
135,success,0.27029919624328613,1.8238680362701416,0.9419841766357422,-0.9761956334114075,0.671684980392456,-0.8476723432540894
136,success,0.5318329334259033,1.685293197631836,0.909917414188385,-0.9622389674186707,0.3780844509601593,-0.7230542302131653
137,success,0.25540614128112793,1.8349674940109253,0.9446122646331787,-0.9773691892623901,0.6892061233520508,-0.8575983047485352
138,success,0.5094518661499023,1.6916974782943726,0.9556132555007935,-0.9799481630325317,0.4461613893508911,-0.7117493152618408
139,success,0.26816487312316895,1.7106690406799316,0.7897884845733643,-0.9221351742744446,0.5216236114501953,-0.7885339260101318
140,success,0.3836390972137451,1.7413172721862793,0.9267798662185669,-0.9690753817558289,0.5431407690048218,-0.7722419500350952
141,success,0.3173789978027344,1.798651933670044,0.9366059303283691,-0.9742743372917175,0.6192269325256348,-0.8243775367736816
142,success,0.3224365711212158,1.7921695709228516,0.9352348446846008,-0.9733940362930298,0.612798273563385,-0.8187755942344666
143,success,0.5497126579284668,1.673216700553894,0.9495826363563538,-0.9779927730560303,0.39986997842788696,-0.6952239274978638
144,success,0.29552584886550903,1.817318320274353,0.9455906748771667,-0.9776272177696228,0.6500648260116577,-0.8396911025047302
145,success,1.0799355506896973,1.237356424331665,0.9255760908126831,-0.9660868048667908,-0.15435940027236938,-0.27126961946487427
146,success,0.5451750755310059,1.6762441396713257,0.9503862857818604,-0.9783351421356201,0.4052112400531769,-0.6979089975357056
147,success,0.2834261655807495,1.8229960203170776,0.9507418274879456,-0.9791828989982605,0.667315661907196,-0.8438131213188171
148,success,0.2885454297065735,1.8141698837280273,0.9358425140380859,-0.9742836356163025,0.6472970843315125,-0.8398862481117249
149,success,0.5176081657409668,1.6898037195205688,0.9542677998542786,-0.9796102643013,0.43665966391563416,-0.7101934552192688
150,success,0.2701423168182373,1.8293654918670654,0.9523665904998779,-0.9796440601348877,0.6822242736816406,-0.8497214913368225
151,success,0.2639930844306946,1.8334875106811523,0.9485194087028503,-0.9786868691444397,0.6845263242721558,-0.8548006415367126
152,success,0.39939945936203003,1.7410147190093994,0.924113929271698,-0.9684327244758606,0.524714469909668,-0.772581934928894
153,success,0.37777721881866455,1.7406694889068604,0.9260420203208923,-0.968698263168335,0.5482648015022278,-0.7719712257385254
154,success,0.5227581262588501,1.6808706521987915,0.9557816386222839,-0.9798781275749207,0.4330235421657562,-0.7009925246238708
155,success,0.5724437236785889,1.6616530418395996,0.9413007497787476,-0.9751418232917786,0.3688570261001587,-0.6865111589431763
156,success,0.33042672276496887,1.665310263633728,0.7868717908859253,-0.9196789264678955,0.4564450681209564,-0.7456313371658325
157,success,0.1173352599143982,1.892500400543213,0.9336308240890503,-0.9713733792304993,0.8162955641746521,-0.9211269617080688
158,success,1.0993874073028564,1.21042799949646,0.9323430061340332,-0.9685670137405396,-0.16704444587230682,-0.24186104536056519
159,success,0.26683229207992554,1.8329029083251953,0.9501617550849915,-0.9792177081108093,0.6833294630050659,-0.8536852598190308
160,success,0.3050295114517212,1.7967309951782227,0.9349207282066345,-0.9729915261268616,0.6298912167549133,-0.8237394094467163
161,success,0.5151034593582153,1.6884324550628662,0.955287754535675,-0.9798324704170227,0.4401843249797821,-0.7085999250411987
162,success,0.514079213142395,1.6942310333251953,0.9520183801651001,-0.9789479374885559,0.43793919682502747,-0.7152831554412842
163,success,0.2608858346939087,1.8338359594345093,0.952857255935669,-0.9798313975334167,0.6919714212417603,-0.8540045619010925
164,success,0.31158649921417236,1.7940809726715088,0.9305756688117981,-0.9717654585838318,0.6189891695976257,-0.822315514087677
165,success,0.25374913215637207,1.8366470336914062,0.9539417624473572,-0.980018675327301,0.7001926302909851,-0.8566282987594604
166,success,0.26285386085510254,1.8289228677749634,0.943731427192688,-0.9768795371055603,0.6808775663375854,-0.8520433306694031
167,success,0.3140528202056885,1.8037889003753662,0.9396352171897888,-0.9753130674362183,0.6255823969841003,-0.8284758925437927
168,success,0.17348265647888184,1.8054357767105103,0.8703890442848206,-0.9492388963699341,0.6969063878059387,-0.8561968803405762
169,success,0.1737673282623291,1.821997880935669,0.8720318078994751,-0.951607882976532,0.698264479637146,-0.870389997959137
170,success,0.3590746521949768,1.8066153526306152,0.9441227316856384,-0.977202832698822,0.5850480794906616,-0.8294124603271484
171,success,0.26007747650146484,1.8357151746749878,0.9488746523857117,-0.9788438677787781,0.6887971758842468,-0.8568713068962097
172,success,0.3955792188644409,1.7329442501068115,0.9000205397605896,-0.9601436257362366,0.5044413208961487,-0.7728006839752197
173,success,0.3202369213104248,1.8028533458709717,0.9446123242378235,-0.9770832061767578,0.6243754029273987,-0.8257700800895691
174,success,0.37883931398391724,1.743309497833252,0.9193441271781921,-0.9665061235427856,0.5405048131942749,-0.7768033146858215
175,success,1.083075761795044,1.2300587892532349,0.9301356673240662,-0.9678316116333008,-0.15294013917446136,-0.2622271776199341
176,success,0.2829052805900574,1.8256961107254028,0.9462548494338989,-0.9780901074409485,0.6633495688438416,-0.8476060032844543
177,success,0.5139137506484985,1.6943409442901611,0.9424179792404175,-0.9757491946220398,0.42850422859191895,-0.7185918092727661
178,success,0.3031734228134155,1.804993987083435,0.9321213364601135,-0.9730393886566162,0.628947913646698,-0.8319545984268188
179,success,0.2446969747543335,1.8344018459320068,0.9377323985099792,-0.9746823310852051,0.6930354237556458,-0.8597195148468018
180,success,0.51683509349823,1.691645622253418,0.9421182870864868,-0.9756035208702087,0.42528319358825684,-0.7160421013832092
181,success,0.5571033954620361,1.662759780883789,0.9430071711540222,-0.9755410552024841,0.3859037458896637,-0.6872186660766602
182,success,0.28779953718185425,1.8205900192260742,0.946327805519104,-0.9778211712837219,0.6585282683372498,-0.8427687883377075
183,success,0.29417192935943604,1.8058409690856934,0.9294844269752502,-0.9718040823936462,0.6353124976158142,-0.8340368866920471
184,success,0.5550487041473389,1.6622828245162964,0.9535744786262512,-0.979159951210022,0.39852577447891235,-0.6831228733062744
185,success,0.28982722759246826,1.816694736480713,0.938409149646759,-0.9752612709999084,0.6485819220542908,-0.8414335250854492
186,success,0.2794252038002014,1.8250852823257446,0.9500752091407776,-0.9790471196174622,0.6706500053405762,-0.8460381627082825
187,success,0.555630087852478,1.6692651510238647,0.9483363032341003,-0.9775328040122986,0.3927062451839447,-0.6917323470115662
188,success,0.48345744609832764,1.708686113357544,0.9493330121040344,-0.977978527545929,0.4658755660057068,-0.730707585811615
189,success,0.25785887241363525,1.8328793048858643,0.9411402940750122,-0.976329505443573,0.683281421661377,-0.8565497398376465
190,success,0.4009578824043274,1.7270424365997314,0.9074108600616455,-0.9624307751655579,0.5064529776573181,-0.7646116018295288
191,success,0.5227267742156982,1.688321590423584,0.9392101764678955,-0.9746091365814209,0.41648340225219727,-0.7137124538421631
192,success,0.32356196641921997,1.801464557647705,0.9379850625991821,-0.9750373959541321,0.6144230961799622,-0.8264272212982178
193,success,0.6584479808807373,1.587278962135315,0.910986065864563,-0.9627687931060791,0.2525380849838257,-0.6245101690292358
194,success,0.27204692363739014,1.8272480964660645,0.9468424916267395,-0.9779874086380005,0.6747955679893494,-0.849260687828064
195,success,0.33084309101104736,1.7999656200408936,0.941440999507904,-0.9761833548545837,0.6105979084968567,-0.823782205581665
196,success,0.5256562232971191,1.6853488683700562,0.953925609588623,-0.9794971346855164,0.4282693564891815,-0.7058517336845398
197,success,0.5033762454986572,1.6980983018875122,0.9517383575439453,-0.9787837266921997,0.4483621120452881,-0.7193145751953125
198,success,0.5299961566925049,1.6806950569152832,0.953946590423584,-0.9793920516967773,0.4239504337310791,-0.7013029456138611
199,success,0.2728797197341919,1.8292193412780762,0.9503929615020752,-0.9791752696037292,0.6775132417678833,-0.8500440120697021
200,early_collision,0.5412679314613342,1.701576828956604,0.9478334188461304,-0.9754337668418884,0.40656548738479614,-0.7261430621147156
201,early_collision,0.013346433639526367,1.912165641784668,0.88709956407547,-0.9527614712715149,0.9004459977149963,-0.9594042301177979
202,early_collision,0.5320061445236206,1.7073917388916016,0.9460782408714294,-0.9746200442314148,0.41407206654548645,-0.7327716946601868
203,early_collision,0.009872794151306152,1.9120596647262573,0.8884475231170654,-0.9536027312278748,0.8983203172683716,-0.9584569334983826
204,early_collision,0.519446611404419,1.7149834632873535,0.9450912475585938,-0.974236249923706,0.4256446659564972,-0.7407472133636475
205,early_collision,0.230699360370636,1.852414608001709,0.9467638731002808,-0.9767435789108276,0.7160645127296448,-0.8756710886955261
206,early_collision,0.11544448137283325,1.8931496143341064,0.9337830543518066,-0.971343994140625,0.8183385729789734,-0.9218056201934814
207,early_collision,0.10376495122909546,1.8965754508972168,0.9306734800338745,-0.9699414968490601,0.826908528804779,-0.9266340136528015
208,early_collision,0.12010085582733154,1.8918551206588745,0.9351694583892822,-0.9719776511192322,0.8150686025619507,-0.9198774695396423
209,early_collision,0.9069437384605408,1.4388477802276611,0.9125798940658569,-0.9641497135162354,0.00563617330044508,-0.47469809651374817
210,early_collision,0.5397206544876099,1.7022156715393066,0.9465460777282715,-0.9746426939964294,0.406825453042984,-0.727573037147522
211,early_collision,0.4952768087387085,1.728727102279663,0.941595733165741,-0.9726346731185913,0.44631892442703247,-0.756092369556427
212,early_collision,0.3295820951461792,1.8195159435272217,0.9389688372612,-0.9747333526611328,0.6093867421150208,-0.8447826504707336
213,early_collision,1.3513813018798828,0.972733736038208,0.9286970496177673,-0.968211829662323,-0.42268431186676025,-0.004521920345723629
214,early_collision,0.5457021594047546,1.6983379125595093,0.948478639125824,-0.9756346344947815,0.40277647972106934,-0.7227032780647278
215,early_collision,0.9043869972229004,1.441753625869751,0.9101305603981018,-0.9632035493850708,0.005743584595620632,-0.4785500466823578
216,early_collision,0.9332980513572693,1.4152597188949585,0.9139349460601807,-0.9646243453025818,-0.019363125786185265,-0.4506354033946991
217,early_collision,0.006524562835693359,1.9124054908752441,0.890761137008667,-0.9545592069625854,0.8972856998443604,-0.9578462243080139
218,early_collision,0.5298022031784058,1.7087738513946533,0.9464612603187561,-0.9748499989509583,0.41665902733802795,-0.7339239120483398
219,early_collision,0.33452796936035156,1.8175597190856934,0.9400297999382019,-0.9752374887466431,0.6055018305778503,-0.8423222303390503
220,early_collision,0.9412122368812561,1.4077110290527344,0.9128286242485046,-0.9641549587249756,-0.028383620083332062,-0.4435560703277588
221,early_collision,0.8430212140083313,1.475923776626587,0.9343194961547852,-0.9696089029312134,0.09129825979471207,-0.5063149333000183
222,early_collision,0.8435389399528503,1.4762310981750488,0.934334933757782,-0.969799280166626,0.09079600870609283,-0.5064317584037781
223,early_collision,0.9406338334083557,1.4075753688812256,0.914901852607727,-0.9649439454078674,-0.02573195844888687,-0.44263139367103577
224,early_collision,0.9326294660568237,1.4149377346038818,0.9151681065559387,-0.9650604724884033,-0.01746138371527195,-0.44987720251083374
225,early_collision,0.0969846248626709,1.8983430862426758,0.9295133948326111,-0.9692053198814392,0.8325287699699402,-0.9291377067565918
226,early_collision,0.9410881996154785,1.4070346355438232,0.9170584082603455,-0.9657602906227112,-0.02402978017926216,-0.4412742853164673
227,early_collision,1.364458441734314,0.9560769200325012,0.9272969961166382,-0.9675732851028442,-0.43716147541999817,0.011496365070343018
228,early_collision,1.3446400165557861,0.9827910661697388,0.9248443245887756,-0.9666889309883118,-0.4197956621646881,-0.016102151945233345
229,early_collision,0.32470542192459106,1.8213679790496826,0.938128650188446,-0.9743269085884094,0.613423228263855,-0.847041130065918
230,early_collision,0.320625364780426,1.8231724500656128,0.9374682903289795,-0.9740992188453674,0.6168429255485535,-0.8490732312202454
231,early_collision,0.51084965467453,1.719738245010376,0.9431003928184509,-0.973198413848877,0.4322507381439209,-0.746539831161499
232,early_collision,0.3319353461265564,1.8188468217849731,0.9396921992301941,-0.9751022458076477,0.6077568531036377,-0.8437445759773254
233,early_collision,0.2268262505531311,1.8537170886993408,0.9464582204818726,-0.9765182733535767,0.7196319699287415,-0.8771987557411194
234,early_collision,0.3117326498031616,1.8269832134246826,0.9360310435295105,-0.9735872149467468,0.6242983937263489,-0.853395938873291
235,early_collision,0.10401517152786255,1.8964818716049194,0.9305424690246582,-0.9699303507804871,0.8265272974967957,-0.9265515208244324
236,early_collision,0.09289908409118652,1.899256944656372,0.928053081035614,-0.9685299396514893,0.8351539969444275,-0.9307270646095276
237,early_collision,0.1034122109413147,1.8964157104492188,0.9312513470649719,-0.9699621200561523,0.8278391361236572,-0.9264536499977112
238,early_collision,0.10447406768798828,1.8965754508972168,0.9317856431007385,-0.9703116416931152,0.8273115754127502,-0.9262637495994568
239,early_collision,0.5154121518135071,1.7172505855560303,0.9440645575523376,-0.9736789464950562,0.42865240573883057,-0.7435716390609741
240,early_collision,0.01332777738571167,1.91221284866333,0.8872522115707397,-0.9527784585952759,0.9005799889564514,-0.959434449672699
241,early_collision,0.11645084619522095,1.8929126262664795,0.9343981146812439,-0.9715827107429504,0.817947268486023,-0.9213299751281738
242,early_collision,0.3250887989997864,1.8214833736419678,0.9385074973106384,-0.9746024012565613,0.613418698310852,-0.8468809723854065
243,early_collision,0.11112433671951294,1.8944655656814575,0.9335745573043823,-0.9710739850997925,0.8224502205848694,-0.923391580581665
244,early_collision,0.2163475751876831,1.8580424785614014,0.944796085357666,-0.9757607579231262,0.7284485101699829,-0.8822817206382751
245,early_collision,0.3419843912124634,1.8144245147705078,0.9415308833122253,-0.975847601890564,0.599546492099762,-0.8385769128799438
246,early_collision,1.3347207307815552,0.9965181946754456,0.9263858199119568,-0.9673948287963867,-0.408334881067276,-0.029123367741703987
247,early_collision,1.3380675315856934,0.9899538159370422,0.9292041659355164,-0.968475878238678,-0.4088633954524994,-0.02147795632481575
248,early_collision,0.11287915706634521,1.8943352699279785,0.9338420033454895,-0.9713670611381531,0.8209628462791443,-0.9229682087898254
249,early_collision,0.098716139793396,1.8979647159576416,0.9299606084823608,-0.9694460034370422,0.8312444686889648,-0.9285187721252441
250,early_collision,0.22879832983016968,1.8532958030700684,0.9466175436973572,-0.9767031073570251,0.7178192138671875,-0.8765926361083984
251,early_collision,0.22164422273635864,1.8563199043273926,0.9452133178710938,-0.9760594367980957,0.7235690951347351,-0.8802604079246521
252,early_collision,0.9238197207450867,1.4236050844192505,0.9117709398269653,-0.9638381004333496,-0.012048768810927868,-0.4597669839859009
253,early_collision,1.1187009811401367,1.1975997686386108,0.9233218431472778,-0.9649425148963928,-0.19537915289402008,-0.23265720903873444
254,early_collision,0.01116490364074707,1.9118092060089111,0.8872769474983215,-0.9531551003456116,0.8984418511390686,-0.9586541652679443
255,early_collision,0.3338255286216736,1.8179174661636353,0.9399697184562683,-0.9752287864685059,0.6061441898345947,-0.8426886796951294
256,early_collision,0.3414769172668457,1.814720630645752,0.9414490461349487,-0.9758347272872925,0.599972128868103,-0.8388858437538147
257,early_collision,1.1142358779907227,1.2029430866241455,0.9224422574043274,-0.9646062850952148,-0.19179357588291168,-0.23833686113357544
258,early_collision,0.5277410745620728,1.709648847579956,0.9450334310531616,-0.974007248878479,0.4172923266887665,-0.7356415390968323
259,early_collision,0.21045804023742676,1.8601974248886108,0.9444153308868408,-0.9755358695983887,0.7339572906494141,-0.8846615552902222
260,early_collision,0.32046687602996826,1.8235087394714355,0.9378024935722351,-0.9743427634239197,0.6173356175422668,-0.8491660356521606
261,early_collision,1.362660527229309,0.9547112584114075,0.9315372109413147,-0.9692205190658569,-0.4311233460903168,0.014509270898997784
262,early_collision,0.512683629989624,1.7191660404205322,0.9445875287055969,-0.97408127784729,0.4319038689136505,-0.7450847625732422
263,early_collision,0.22045451402664185,1.856076717376709,0.9458784461021423,-0.9761759638786316,0.7254239320755005,-0.8799006938934326
264,early_collision,0.231284499168396,1.8514440059661865,0.9472147822380066,-0.9767775535583496,0.7159302830696106,-0.8746664524078369
265,early_collision,0.520571231842041,1.7145146131515503,0.9447283744812012,-0.9740584492683411,0.42415711283683777,-0.7404561638832092
266,early_collision,1.355460524559021,0.965648889541626,0.9310179352760315,-0.9690666794776917,-0.4244426190853119,0.0034178064670413733
267,early_collision,0.5062418580055237,1.7230045795440674,0.9432274699211121,-0.9734559059143066,0.4369856119155884,-0.749548614025116
268,early_collision,0.011901319026947021,1.9122726917266846,0.887998640537262,-0.9531553983688354,0.899899959564209,-0.9591172933578491
269,early_collision,0.01191014051437378,1.9122304916381836,0.8878739476203918,-0.95313960313797,0.8997840881347656,-0.9590908288955688
270,early_collision,1.3555680513381958,0.9666317105293274,0.9293071031570435,-0.9684106707572937,-0.42626091837882996,0.0017789434641599655
271,early_collision,0.3240275979042053,1.8219923973083496,0.9382311701774597,-0.974489152431488,0.6142035722732544,-0.8475032448768616
272,early_collision,0.5304071307182312,1.7081897258758545,0.9453979134559631,-0.9742186665534973,0.41499078273773193,-0.7339710593223572
273,early_collision,0.10860854387283325,1.8953516483306885,0.9320446848869324,-0.9705983400344849,0.8234361410140991,-0.9247533082962036
274,early_collision,0.10809320211410522,1.8955159187316895,0.9322065711021423,-0.9706215858459473,0.8241133689880371,-0.924894392490387
275,early_collision,0.01263737678527832,1.9117960929870605,0.8865950703620911,-0.9527991414070129,0.8992324471473694,-0.9589968919754028
276,early_collision,0.816705048084259,1.498833417892456,0.9337294101715088,-0.9694822430610657,0.11702438443899155,-0.5293511152267456
277,early_collision,0.21836358308792114,1.857424020767212,0.9452928304672241,-0.9761030077934265,0.726929247379303,-0.8813210725784302
278,early_collision,0.01329106092453003,1.9121651649475098,0.8871278166770935,-0.9527662396430969,0.9004188776016235,-0.9593989849090576
279,early_collision,0.947477400302887,1.4006203413009644,0.9177230596542358,-0.9659485220909119,-0.029754312708973885,-0.4346717894077301
280,early_collision,0.5005591511726379,1.7260453701019287,0.9425092339515686,-0.9730756282806396,0.44195008277893066,-0.7529697418212891
281,early_collision,0.9180346131324768,1.4287450313568115,0.9128990769386292,-0.9642612934112549,-0.005135510582476854,-0.4644837975502014
282,early_collision,0.10737794637680054,1.8954441547393799,0.932803750038147,-0.9706489443778992,0.8254258036613464,-0.9247952699661255
283,early_collision,0.0085257887840271,1.9119200706481934,0.888737678527832,-0.9538721442222595,0.8972634673118591,-0.9580479860305786
284,early_collision,0.1071595549583435,1.8957910537719727,0.9317700266838074,-0.9704546332359314,0.8246104717254639,-0.925336480140686
285,early_collision,0.5330018997192383,1.7067813873291016,0.9465949535369873,-0.9748613238334656,0.413593053817749,-0.731920063495636
286,timeout,0.557969331741333,1.660153865814209,0.9404972791671753,-0.9746171236038208,0.3825279772281647,-0.685536801815033
287,timeout,0.3262704014778137,1.7545289993286133,0.8816146850585938,-0.9556258916854858,0.55534428358078,-0.7989031672477722
288,timeout,0.2888028621673584,1.816077470779419,0.9428828954696655,-0.9763357639312744,0.6540800333023071,-0.8397417068481445
289,timeout,0.5774062275886536,1.6565797328948975,0.9461674690246582,-0.9767915606498718,0.36876124143600464,-0.6797882318496704
290,timeout,0.39931872487068176,1.7131164073944092,0.8937579989433289,-0.9571874141693115,0.4944392740726471,-0.7559289336204529
291,timeout,0.5936429500579834,1.454506278038025,0.7777175903320312,-0.9108882546424866,0.18407461047172546,-0.5436180233955383
292,timeout,0.6016242504119873,1.5909442901611328,0.9003086686134338,-0.9594446420669556,0.2986844480037689,-0.631499707698822
293,timeout,0.3107811212539673,1.7931532859802246,0.9349907636642456,-0.9729439616203308,0.6242096424102783,-0.820209264755249
294,timeout,0.16373616456985474,1.7906270027160645,0.8812262415885925,-0.9471046924591064,0.7174900770187378,-0.843522310256958
295,timeout,0.3520556092262268,1.8094948530197144,0.9434316158294678,-0.9767772555351257,0.591376006603241,-0.8327175974845886
296,timeout,0.27746647596359253,1.8238420486450195,0.952955961227417,-0.9797171950340271,0.6754894852638245,-0.8441247940063477
297,timeout,0.2911892533302307,1.8179343938827515,0.9505959749221802,-0.9790886640548706,0.6594067215919495,-0.8388457298278809
298,timeout,0.29603463411331177,1.8161747455596924,0.9471606612205505,-0.9780353903770447,0.6511260271072388,-0.8381392955780029
299,timeout,0.5639731287956238,1.6593608856201172,0.935979962348938,-0.9718182682991028,0.3720068335533142,-0.6875426173210144
300,timeout,0.31057053804397583,1.8075852394104004,0.9441127181053162,-0.9769454598426819,0.6335421800613403,-0.8306397199630737
301,timeout,0.3747163414955139,1.6917047500610352,0.8843024969100952,-0.9517217874526978,0.5095861554145813,-0.7399829626083374
302,timeout,0.16699004173278809,1.7872583866119385,0.8729638457298279,-0.9455392360687256,0.7059738039970398,-0.8417190909385681
303,timeout,0.8558804988861084,1.4440248012542725,0.9302433133125305,-0.9709582328796387,0.07436283677816391,-0.4730665683746338
304,timeout,0.28083115816116333,1.8242729902267456,0.9510259032249451,-0.9792661070823669,0.6701947450637817,-0.8450068831443787
305,timeout,0.5085763931274414,1.6944345235824585,0.9438830018043518,-0.9760857224464417,0.4353066384792328,-0.7183488011360168
306,timeout,0.3009794354438782,1.8143086433410645,0.945461094379425,-0.9775175452232361,0.6444816589355469,-0.8367910981178284
307,timeout,0.31116509437561035,1.8070749044418335,0.9410892724990845,-0.9760544300079346,0.6299241781234741,-0.8310204744338989
308,timeout,0.30971306562423706,1.7336177825927734,0.8442819118499756,-0.9340096116065979,0.5345688462257385,-0.7996081113815308
309,timeout,0.4262770116329193,1.6332859992980957,0.8819410800933838,-0.947971761226654,0.4556640684604645,-0.6853142380714417
310,timeout,0.2940971851348877,1.8099939823150635,0.9363634586334229,-0.9742709398269653,0.6422662734985352,-0.8357229828834534
311,timeout,0.5819638967514038,1.6545040607452393,0.9442177414894104,-0.9760286211967468,0.3622538149356842,-0.6784754991531372
312,timeout,0.1678546667098999,1.7832632064819336,0.8548982739448547,-0.9416993260383606,0.6870436072349548,-0.8415638208389282
313,timeout,0.5589299201965332,1.5389018058776855,0.8207216858863831,-0.9292171597480774,0.26179173588752747,-0.6096847057342529
314,timeout,0.32863056659698486,1.788464903831482,0.937158465385437,-0.9740071892738342,0.6085278987884521,-0.8144577145576477
315,timeout,0.3379765748977661,1.7939603328704834,0.9428160190582275,-0.9763885140419006,0.6048394441604614,-0.8175718188285828
316,timeout,0.8334222435951233,1.458735704421997,0.9353291392326355,-0.972780168056488,0.10190689563751221,-0.4859555661678314
317,timeout,0.5381454825401306,1.6726100444793701,0.9408647418022156,-0.9748144149780273,0.40271925926208496,-0.697795569896698
318,timeout,0.5724995136260986,1.6496660709381104,0.9420621395111084,-0.975016713142395,0.3695625960826874,-0.6746492981910706
319,timeout,0.276513934135437,1.8253077268600464,0.9456635117530823,-0.9776245951652527,0.6691495776176453,-0.8476831316947937
320,timeout,0.3754502236843109,1.6749005317687988,0.8546804785728455,-0.941183865070343,0.47923025488853455,-0.7337167263031006
321,timeout,0.5856320858001709,1.6519514322280884,0.948375403881073,-0.9775171279907227,0.3627433478832245,-0.6744343042373657
322,timeout,0.5513396263122559,1.6716289520263672,0.9485343098640442,-0.9775890111923218,0.3971947133541107,-0.6940400004386902
323,timeout,0.5577623844146729,1.6663719415664673,0.9444700479507446,-0.9762076735496521,0.3867076337337494,-0.6901642680168152
324,timeout,0.29516100883483887,1.8167086839675903,0.9465702772140503,-0.9778645634651184,0.6514092683792114,-0.8388441205024719
325,timeout,0.272502601146698,1.8280558586120605,0.9523691534996033,-0.9796200394630432,0.6798665523529053,-0.8484357595443726
326,timeout,0.2996119260787964,1.8148481845855713,0.9458678364753723,-0.977668046951294,0.6462559103965759,-0.8371801972389221
327,timeout,0.21579056978225708,1.6697406768798828,0.7162902355194092,-0.8933908939361572,0.5004996657371521,-0.7763497233390808
328,timeout,0.385650634765625,1.7005016803741455,0.8756760358810425,-0.9501239657402039,0.4900254011154175,-0.7503776550292969
329,timeout,0.6096276044845581,1.6662123203277588,0.9356160163879395,-0.9728314280509949,0.32598838210105896,-0.6933808326721191
330,timeout,0.8402578830718994,1.4536536931991577,0.9352043271064758,-0.9726696610450745,0.09494645148515701,-0.48098406195640564
331,timeout,0.31879162788391113,1.8050841093063354,0.9418761730194092,-0.9763975739479065,0.623084545135498,-0.828686535358429
332,timeout,0.16544312238693237,1.789352536201477,0.877518355846405,-0.9465150237083435,0.7120752334594727,-0.8428375124931335
333,timeout,0.2977756857872009,1.8144309520721436,0.9447342157363892,-0.9771931767463684,0.6469585299491882,-0.8372378349304199
334,timeout,0.3889341652393341,1.6530652046203613,0.8804590106010437,-0.9472533464431763,0.4915248453617096,-0.7058118581771851
335,timeout,0.3516448736190796,1.6622562408447266,0.8597707748413086,-0.9402326941490173,0.508125901222229,-0.7220234870910645
336,timeout,0.5807726383209229,1.6579830646514893,0.943143367767334,-0.9758236408233643,0.36237069964408875,-0.6821593642234802
337,timeout,0.3415060043334961,1.8140242099761963,0.9407840967178345,-0.975648045539856,0.5992780923843384,-0.8383761048316956
338,timeout,0.266465425491333,1.8303766250610352,0.9533336162567139,-0.9798403978347778,0.6868681907653809,-0.8505362272262573
339,timeout,0.3180809020996094,1.803498387336731,0.9453772306442261,-0.9772840738296509,0.6272963285446167,-0.8262143135070801
340,timeout,0.1504691243171692,1.7966792583465576,0.8807896375656128,-0.9469518661499023,0.7303205132484436,-0.8497274518013
341,timeout,0.573745608329773,1.6582871675491333,0.9433577060699463,-0.9757585525512695,0.36961206793785095,-0.6825286149978638
342,timeout,0.41593214869499207,1.6429328918457031,0.8922024965286255,-0.9512715339660645,0.4762703478336334,-0.6916612982749939
343,timeout,0.523189127445221,1.6804970502853394,0.9562093019485474,-0.9799991250038147,0.4330201745033264,-0.7004979252815247
344,timeout,0.2855566740036011,1.8210618495941162,0.95176762342453,-0.9794036746025085,0.666210949420929,-0.8416582345962524
345,timeout,0.479673832654953,1.629866361618042,0.8369208574295044,-0.9332349300384521,0.3572470247745514,-0.6966314315795898
346,timeout,0.5536757707595825,1.6696946620941162,0.9476292729377747,-0.9772762656211853,0.39395347237586975,-0.6924184560775757
347,timeout,0.5044695138931274,1.697049856185913,0.95414137840271,-0.9795767664909363,0.4496718645095825,-0.7174731492996216
348,timeout,0.514477550983429,1.684388279914856,0.9569814801216125,-0.9802132844924927,0.4425039291381836,-0.7041749954223633
349,timeout,0.40085524320602417,1.7319738864898682,0.9340289235115051,-0.9715312123298645,0.533173680305481,-0.7604427337646484
350,timeout,0.4117591977119446,1.6396822929382324,0.8800225853919983,-0.9470873475074768,0.4682633876800537,-0.6925949454307556
351,timeout,0.6031979322433472,1.5888862609863281,0.8942827582359314,-0.9574238657951355,0.29108482599258423,-0.6314623355865479
352,timeout,0.42361319065093994,1.6289350986480713,0.8385640978813171,-0.9343658089637756,0.4149509072303772,-0.6945693492889404
353,timeout,0.3114137053489685,1.798158884048462,0.9330317974090576,-0.9729850888252258,0.6216180920600891,-0.8251737356185913
354,timeout,0.2674869894981384,1.8285993337631226,0.9545130133628845,-0.980061948299408,0.6870260238647461,-0.8485373854637146
355,timeout,0.1626591682434082,1.789544701576233,0.8561121821403503,-0.9426738619804382,0.6934530138969421,-0.8468708395957947
356,timeout,0.37596815824508667,1.7430152893066406,0.9224923849105835,-0.9674558639526367,0.5465242266654968,-0.7755594849586487
357,timeout,0.178874671459198,1.818325161933899,0.9071662425994873,-0.9605283737182617,0.7282915711402893,-0.8577967882156372
358,timeout,0.6179414391517639,1.5566959381103516,0.868025541305542,-0.9479168057441711,0.2500841021537781,-0.6087790727615356
359,timeout,0.4874269962310791,1.7043542861938477,0.9365960955619812,-0.9731608033180237,0.4491690993309021,-0.731193482875824
360,timeout,0.3251953721046448,1.8030200004577637,0.9412883520126343,-0.9762570858001709,0.6160929799079895,-0.826762855052948
361,timeout,0.5128675103187561,1.7187472581863403,0.9443228840827942,-0.9741950035095215,0.4314553737640381,-0.7445522546768188
362,timeout,0.25860899686813354,1.834831953048706,0.9471418857574463,-0.9781943559646606,0.6885328888893127,-0.8566375374794006
363,timeout,0.5051980018615723,1.6915651559829712,0.9565448760986328,-0.9801463484764099,0.45134690403938293,-0.7114188075065613
364,timeout,0.3275543451309204,1.7986664772033691,0.9441252946853638,-0.97690349817276,0.6165709495544434,-0.8217629194259644
365,timeout,0.3908511996269226,1.6610745191574097,0.9048161506652832,-0.9550645351409912,0.5139649510383606,-0.7060099840164185
366,timeout,0.3991679549217224,1.6294487714767456,0.8379868268966675,-0.9330768585205078,0.43881887197494507,-0.6963719129562378
367,timeout,0.2739168405532837,1.8210601806640625,0.9416971802711487,-0.9758124947547913,0.667780339717865,-0.8452476859092712
368,timeout,0.13263791799545288,1.803941011428833,0.8832213282585144,-0.9463789463043213,0.7505834102630615,-0.8575620651245117
369,timeout,0.42579716444015503,1.6540157794952393,0.9159310460090637,-0.9603471159934998,0.4901338815689087,-0.6936686635017395
370,timeout,0.5548334121704102,1.667029619216919,0.9512892961502075,-0.978512704372406,0.39645588397979736,-0.6885169148445129
371,timeout,0.5316973328590393,1.669394850730896,0.9337248802185059,-0.9720855355262756,0.40202754735946655,-0.6973093152046204
372,timeout,0.39565783739089966,1.6587083339691162,0.904364287853241,-0.9550530314445496,0.5087064504623413,-0.7036553025245667
373,timeout,0.4228963255882263,1.6518659591674805,0.9154561161994934,-0.9597861170768738,0.4925597906112671,-0.6920798420906067
374,timeout,0.506973922252655,1.6963863372802734,0.9451220035552979,-0.9765436053276062,0.4381480813026428,-0.7198426723480225
375,timeout,0.24976211786270142,1.841652750968933,0.944248378276825,-0.9764876961708069,0.6944862604141235,-0.8651650547981262
376,timeout,0.20323330163955688,1.83504319190979,0.9253779053688049,-0.9693872928619385,0.722144603729248,-0.8656558990478516
377,timeout,0.5083935260772705,1.692354679107666,0.9409911632537842,-0.9747301340103149,0.43259763717651367,-0.7176245450973511
378,timeout,0.3393966555595398,1.8151986598968506,0.9407362937927246,-0.9757781624794006,0.6013396382331848,-0.8394204378128052
379,timeout,0.25577765703201294,1.8348618745803833,0.9544149041175842,-0.9800758361816406,0.6986372470855713,-0.8547860383987427
380,timeout,0.3969661593437195,1.5760176181793213,0.7405556440353394,-0.8888505697250366,0.3435894846916199,-0.6871669888496399
381,timeout,0.3262244462966919,1.8000562191009521,0.9415748715400696,-0.9761248826980591,0.6153504252433777,-0.8239313364028931
382,timeout,0.267492413520813,1.8303182125091553,0.9530003070831299,-0.9797855615615845,0.6855078935623169,-0.8505327105522156
383,timeout,0.5380008220672607,1.6707651615142822,0.9554039835929871,-0.9797078967094421,0.4174031615257263,-0.6910572648048401
384,timeout,0.5177503228187561,1.6895079612731934,0.949837863445282,-0.9780727624893188,0.4320875406265259,-0.7114351391792297
385,timeout,0.5971455574035645,1.567167043685913,0.8788033127784729,-0.9514526128768921,0.28165772557258606,-0.615714430809021
386,timeout,0.2979274392127991,1.815352201461792,0.9492639303207397,-0.9787193536758423,0.6513364911079407,-0.8366328477859497
387,timeout,0.3145717978477478,1.796781301498413,0.9317870140075684,-0.9725486040115356,0.6172152161598206,-0.8242327570915222
388,timeout,0.427636981010437,1.6410291194915771,0.8992395401000977,-0.9540424346923828,0.47160255908966064,-0.6869866251945496
389,timeout,0.030698657035827637,1.8950029611587524,0.8439399003982544,-0.9423026442527771,0.874638557434082,-0.9527003169059753
390,timeout,0.29527533054351807,1.808739185333252,0.9435099363327026,-0.9761701822280884,0.6482346057891846,-0.8325690627098083
391,timeout,0.5935413241386414,1.559027910232544,0.8562009334564209,-0.9435175657272339,0.26265960931777954,-0.6155104041099548
392,timeout,0.406710147857666,1.633744478225708,0.8403840065002441,-0.9346405863761902,0.4336738586425781,-0.6991038918495178
393,timeout,0.2957220673561096,1.816767930984497,0.9484765529632568,-0.978515625,0.6527544856071472,-0.8382522463798523
394,timeout,0.46761074662208557,1.6226818561553955,0.8973072171211243,-0.9543117880821228,0.4296964704990387,-0.6683700084686279
395,timeout,0.43327680230140686,1.6384937763214111,0.8982560038566589,-0.9538699984550476,0.4649792015552521,-0.6846238374710083
396,timeout,0.26368463039398193,1.824438452720642,0.9402899742126465,-0.9752868413925171,0.6766053438186646,-0.849151611328125
397,timeout,0.2890157103538513,1.8204638957977295,0.9495493173599243,-0.9788547158241272,0.660533607006073,-0.8416091203689575
398,timeout,0.374620258808136,1.652756929397583,0.8156099319458008,-0.9297427535057068,0.4409896731376648,-0.7230141758918762
399,timeout,0.501204252243042,1.7005283832550049,0.951923131942749,-0.978896975517273,0.45071884989738464,-0.7216314077377319
400,timeout,0.27392882108688354,1.7016770839691162,0.7924662232398987,-0.9225174784660339,0.5185374021530151,-0.7791596055030823
401,timeout,0.4491468369960785,1.6218725442886353,0.8082831501960754,-0.9209064245223999,0.35913631319999695,-0.7009661197662354
402,timeout,0.17576783895492554,1.8705224990844727,0.9220353364944458,-0.9681645631790161,0.7462674975395203,-0.9023578763008118
403,timeout,0.5276930332183838,1.6814557313919067,0.946506679058075,-0.9767962694168091,0.41881367564201355,-0.7046594619750977
404,timeout,0.2816627025604248,1.8216406106948853,0.953336238861084,-0.9797960519790649,0.6716735363006592,-0.8418445587158203
405,timeout,0.15651088953018188,1.793302059173584,0.8774677515029907,-0.9464751482009888,0.7209568619728088,-0.84682697057724
406,timeout,0.33333510160446167,1.797041654586792,0.9406867027282715,-0.9758358597755432,0.6073516011238098,-0.821205735206604
407,timeout,0.3275967240333557,1.8014042377471924,0.9397842288017273,-0.9756929278373718,0.6121875047683716,-0.8257113099098206
408,timeout,0.2919160723686218,1.8172951936721802,0.9516672492027283,-0.9793310761451721,0.6597511768341064,-0.8379641175270081
409,timeout,0.47462594509124756,1.6974616050720215,0.9359988570213318,-0.9724791049957275,0.46137291193008423,-0.724982500076294
410,timeout,0.317521870136261,1.8033028841018677,0.9433020949363708,-0.9766350388526917,0.6257802248001099,-0.826667845249176
411,timeout,0.2828814387321472,1.821559190750122,0.9504029154777527,-0.9790161848068237,0.6675214767456055,-0.8425430655479431
412,timeout,0.5036182999610901,1.6959987878799438,0.9515886902809143,-0.9786523580551147,0.4479703903198242,-0.7173464298248291
413,timeout,0.5502841472625732,1.670797348022461,0.9414032101631165,-0.9749664068222046,0.3911190927028656,-0.6958308815956116
414,timeout,0.29626768827438354,1.8173491954803467,0.9463464617729187,-0.9778880476951599,0.6500787734985352,-0.8394612073898315
415,timeout,0.3047810196876526,1.8289146423339844,0.9346471428871155,-0.9731438755989075,0.6298661231994629,-0.8557708263397217
416,timeout,0.300071120262146,1.8067302703857422,0.9407383799552917,-0.9753683805465698,0.6406672596931458,-0.8313618302345276
417,timeout,0.3742605447769165,1.6899528503417969,0.8721140027046204,-0.9478047490119934,0.49785345792770386,-0.7421481013298035
418,timeout,0.40727585554122925,1.7322049140930176,0.9258784651756287,-0.9688135981559753,0.5186026096343994,-0.7633913159370422
419,timeout,0.13677221536636353,1.8025217056274414,0.8823500871658325,-0.9467283487319946,0.745577871799469,-0.8557934165000916
420,timeout,0.31691932678222656,1.7972261905670166,0.9363632202148438,-0.9740497469902039,0.6194438934326172,-0.823176383972168
421,timeout,0.47055912017822266,1.6521785259246826,0.8481608629226685,-0.9378989934921265,0.3776017427444458,-0.7142794728279114
422,timeout,0.5616636872291565,1.6640851497650146,0.9493811130523682,-0.977814793586731,0.38771742582321167,-0.6862703561782837
423,timeout,0.2684240937232971,1.829845905303955,0.9529456496238708,-0.9797842502593994,0.6845215559005737,-0.8500615954399109
424,timeout,0.5148752927780151,1.688857913017273,0.9529678821563721,-0.9791078567504883,0.43809258937835693,-0.7097500562667847
425,timeout,0.16496777534484863,1.7942208051681519,0.886834442615509,-0.949099600315094,0.7218666672706604,-0.8451212048530579
426,timeout,0.26795393228530884,1.8299779891967773,0.9496565461158752,-0.9789000153541565,0.6817026138305664,-0.8510779142379761
427,timeout,0.3730999529361725,1.679283618927002,0.8513069748878479,-0.9402635097503662,0.4782070219516754,-0.7390201687812805
428,timeout,0.27769774198532104,1.819644808769226,0.9445438385009766,-0.9766936898231506,0.6668460965156555,-0.8429511189460754
429,timeout,0.5514456033706665,1.6713688373565674,0.9473533034324646,-0.9772072434425354,0.3959077298641205,-0.694161593914032
430,timeout,0.5633995532989502,1.6614222526550293,0.9510149955749512,-0.9783967733383179,0.3876154124736786,-0.6830254197120667
431,timeout,0.33944785594940186,1.7905242443084717,0.9436905980110168,-0.9764774441719055,0.604242742061615,-0.8140467405319214
432,timeout,0.5726712942123413,1.6606724262237549,0.9465686678886414,-0.9769949913024902,0.37389734387397766,-0.6836773753166199
433,timeout,0.5625585913658142,1.6657941341400146,0.9479026198387146,-0.9774032235145569,0.3853440284729004,-0.6883909106254578
434,timeout,0.2811543941497803,1.8190124034881592,0.9381041526794434,-0.9748768210411072,0.6569497585296631,-0.844135582447052
435,timeout,0.3338095545768738,1.7984874248504639,0.9426844120025635,-0.9765381813049316,0.6088748574256897,-0.821949303150177
436,timeout,0.31064456701278687,1.8009984493255615,0.9352210760116577,-0.9738452434539795,0.6245765089988708,-0.8271531462669373
437,timeout,0.24500644207000732,1.84372878074646,0.9404528141021729,-0.975176990032196,0.6954463720321655,-0.8685517311096191
438,timeout,0.2898375988006592,1.8184783458709717,0.9518638253211975,-0.9793943166732788,0.6620262265205383,-0.8390840291976929
439,timeout,0.3919535279273987,1.7401163578033447,0.9301299452781677,-0.970427393913269,0.538176417350769,-0.7696890234947205
440,timeout,0.564983069896698,1.6640658378601074,0.9464212656021118,-0.9769052267074585,0.3814381957054138,-0.6871606707572937
441,timeout,0.5255323648452759,1.6703283786773682,0.9310864210128784,-0.9709771871566772,0.40555402636528015,-0.6993512511253357
442,timeout,0.29721081256866455,1.8166708946228027,0.9457313418388367,-0.977698802947998,0.6485205292701721,-0.8389721512794495
443,timeout,0.6012755632400513,1.5493402481079102,0.8578196167945862,-0.9437682628631592,0.2565440237522125,-0.6055719256401062
444,timeout,0.40403953194618225,1.646998643875122,0.8893080949783325,-0.9499567747116089,0.48526856303215027,-0.6970418095588684
445,timeout,0.3645082414150238,1.573630690574646,0.7186539173126221,-0.8807281851768494,0.35414567589759827,-0.6929025053977966
446,timeout,0.46307700872421265,1.7062145471572876,0.9335041046142578,-0.9715775847434998,0.47042709589004517,-0.7346369624137878
447,timeout,0.14543503522872925,1.799952745437622,0.8816213607788086,-0.9473668932914734,0.7361863255500793,-0.8525857925415039
448,timeout,0.11606407165527344,1.8917529582977295,0.9308875799179077,-0.970272958278656,0.8148235082626343,-0.9214800596237183
449,timeout,0.527273952960968,1.6764531135559082,0.9379458427429199,-0.9737924933433533,0.4106718897819519,-0.7026606798171997
450,timeout,0.533355176448822,1.4991424083709717,0.7720746397972107,-0.909325897693634,0.23871947824954987,-0.5898165702819824
451,timeout,0.23669272661209106,1.8373420238494873,0.9378149509429932,-0.9746580719947815,0.7011222243309021,-0.8626840114593506
452,timeout,0.5543075799942017,1.661956548690796,0.9387076497077942,-0.9740438461303711,0.3844000995159149,-0.6879127621650696
453,timeout,0.26902496814727783,1.8241937160491943,0.9440169334411621,-0.9767837524414062,0.6749919652938843,-0.8474099636077881
454,timeout,0.5775092840194702,1.6553449630737305,0.9458960294723511,-0.9766117930412292,0.36838671565055847,-0.6787331104278564
455,timeout,0.32388097047805786,1.8017990589141846,0.9450172185897827,-0.977243185043335,0.6211362481117249,-0.8245558738708496
456,timeout,0.16424202919006348,1.787599802017212,0.8687823414802551,-0.9448191523551941,0.7045403122901917,-0.8427807092666626
457,timeout,0.34812355041503906,1.6608681678771973,0.8504526019096375,-0.937203586101532,0.5023290514945984,-0.7236645817756653
458,timeout,0.3016706109046936,1.8120073080062866,0.9426770210266113,-0.9765428304672241,0.6410064101219177,-0.8354644775390625
459,timeout,0.5551170706748962,1.6662917137145996,0.9506550431251526,-0.9782112836837769,0.39553797245025635,-0.6880804896354675
460,timeout,0.43422961235046387,1.727661371231079,0.9376736879348755,-0.9733823537826538,0.5034440755844116,-0.7542790770530701
461,timeout,0.5715277194976807,1.663977861404419,0.9412140250205994,-0.9751394987106323,0.3696862757205963,-0.6888383626937866
462,timeout,0.3368379473686218,1.7938958406448364,0.9435379505157471,-0.9765778183937073,0.6067000031471252,-0.8173180222511292
463,timeout,0.1754136085510254,1.8255380392074585,0.912121593952179,-0.9626124501228333,0.7367079854011536,-0.8629255890846252
464,timeout,0.5379035472869873,1.6743838787078857,0.9431538581848145,-0.9756349325180054,0.40525028109550476,-0.6987490057945251
465,timeout,0.41180941462516785,1.6456959247589111,0.8958791494369507,-0.9523305892944336,0.48406973481178284,-0.6933652758598328
466,timeout,0.3085060119628906,1.807417631149292,0.9411002397537231,-0.9758221507072449,0.6325942277908325,-0.8315955400466919
467,timeout,0.5299491882324219,1.6686776876449585,0.9356552362442017,-0.9725126624107361,0.4057060778141022,-0.6961650252342224
468,timeout,0.5375679731369019,1.6718285083770752,0.9476646780967712,-0.9770182967185974,0.4100967347621918,-0.6948102116584778
469,timeout,0.2803245186805725,1.8233613967895508,0.9524984359741211,-0.9795942902565002,0.6721739172935486,-0.8437670469284058
470,timeout,0.2996741533279419,1.8150991201400757,0.9417104125022888,-0.9764283299446106,0.6420362591743469,-0.8386707901954651
471,timeout,0.5257580280303955,1.685364007949829,0.9502071142196655,-0.9781852960586548,0.42444908618927,-0.7071786522865295
472,timeout,0.1398903727531433,1.7990062236785889,0.878473699092865,-0.945846676826477,0.7385833263397217,-0.853159487247467
473,timeout,0.29343634843826294,1.8179399967193604,0.9480568170547485,-0.9783677458763123,0.6546204686164856,-0.8395723104476929
474,timeout,0.29488247632980347,1.8119463920593262,0.9385644793510437,-0.9749332070350647,0.6436820030212402,-0.8370131254196167
475,timeout,0.2711169123649597,1.8271498680114746,0.95448899269104,-0.9801005721092224,0.6833720803260803,-0.8470492959022522
476,timeout,0.4108836054801941,1.640486717224121,0.8800497055053711,-0.9470809698104858,0.469166100025177,-0.6934056878089905
477,timeout,0.46022939682006836,1.630610466003418,0.903407633304596,-0.9565156102180481,0.4431782364845276,-0.6740948557853699
478,timeout,0.273359477519989,1.8220655918121338,0.9445592164993286,-0.9769163727760315,0.6711997389793396,-0.8451492190361023
479,timeout,0.40530890226364136,1.5663337707519531,0.7369470000267029,-0.8870745897293091,0.3316380977630615,-0.6792591214179993
480,timeout,0.32532429695129395,1.7944495677947998,0.9351931810379028,-0.9737637639045715,0.6098688840866089,-0.8206857442855835
481,timeout,0.5093588829040527,1.6769623756408691,0.9324432015419006,-0.9712522625923157,0.4230843186378479,-0.7057101726531982
482,timeout,0.3955717086791992,1.5832775831222534,0.744137167930603,-0.8904203176498413,0.3485654592514038,-0.6928572654724121
483,timeout,0.5097862482070923,1.6936554908752441,0.9543280005455017,-0.9796048998832703,0.4445417523384094,-0.7140506505966187
484,timeout,0.38150888681411743,1.7123078107833862,0.9037334322929382,-0.9597474932670593,0.5222245454788208,-0.7525603175163269
485,timeout,0.3832321763038635,1.6888949871063232,0.8631876111030579,-0.9451778531074524,0.47995543479919434,-0.7437170743942261
